{"cameraMode":{"drawMode":0,"name":"Shaded","section":"Shading Mode"},"sceneLighting":true,"audioPlay":false,"sceneViewState":{"showFog":true,"showMaterialUpdate":false,"showSkybox":true,"showFlares":true,"showImageEffects":true,"showParticleSystems":true,"showVisualEffectGraphs":true,"m_FxEnabled":true},"in2DMode":false,"pivot":{"x":19.761756896972658,"y":7.628574371337891,"z":39.253257751464847},"rotation":{"x":0.15292476117610932,"y":0.6337586045265198,"z":-0.12971815466880799,"w":0.7470996975898743},"size":3.3105294704437258,"orthographic":false}